CustomerID,FullName,Gender,City,Country
1,Sophia Smith,M,Glasgow,Scotland
2,Amelia Brown,M,Manchester,England
3,Henry Robinson,M,London,England
4,Oliver Evans,M,Leeds,England
5,Mia Evans,F,Liverpool,England
6,Amelia Wood,F,Sheffield,England
7,James Davies,F,Cardiff,Wales
8,Jack Brown,F,Leeds,England
9,Sophia Williams,M,Cardiff,Wales
10,Grace Lewis,F,Sheffield,England
11,Emma Wood,M,Liverpool,England
12,Thomas Williams,F,Liverpool,England
13,Isla Lewis,M,Sheffield,England
14,Oliver Jones,F,Leeds,England
15,Oliver Wilson,F,Manchester,England
16,Jack Wood,M,Edinburgh,Scotland
17,Grace Lewis,F,Leeds,England
18,Oliver Clark,M,Birmingham,England
19,Lily Wood,F,Cardiff,Wales
20,Mia Wilson,M,Edinburgh,Scotland
21,Amelia Jones,F,Edinburgh,Scotland
22,Jack Williams,F,Leeds,England
23,George Thompson,F,Cardiff,Wales
24,Harry Thomas,M,Birmingham,England
25,Mia Hughes,F,Glasgow,Scotland
26,Henry Walker,M,Edinburgh,Scotland
27,Harry White,M,Bristol,England
28,Emma Taylor,M,Birmingham,England
29,Chloe Clark,F,Manchester,England
30,Thomas Clark,F,Bristol,England
31,Mia Smith,F,Manchester,England
32,William Taylor,F,Glasgow,Scotland
33,Lily Wood,F,London,England
34,Lucas Davies,M,Liverpool,England
35,Ella White,M,Sheffield,England
36,Harry Lewis,M,Birmingham,England
37,Isla Johnson,M,Bristol,England
38,Sophia Lewis,M,Glasgow,Scotland
39,Emma Wilson,M,Sheffield,England
40,Oliver Thompson,M,Manchester,England
41,Harry Thompson,M,Liverpool,England
42,Jack White,F,Sheffield,England
43,George Hughes,F,Leeds,England
44,Thomas Lewis,F,Bristol,England
45,Sophia Wilson,M,Leeds,England
46,William Smith,M,Sheffield,England
47,Henry Wilson,M,London,England
48,Emma Wilson,M,Manchester,England
49,William Williams,M,Liverpool,England
50,Jack Thompson,M,Leeds,England
51,Henry Martin,M,Bristol,England
52,Alice Robinson,M,Leeds,England
53,Sophia Robinson,F,Edinburgh,Scotland
54,Chloe Wood,M,London,England
55,Emma Walker,M,Edinburgh,Scotland
56,Amelia Evans,F,Leeds,England
57,Harry Robinson,F,Birmingham,England
58,Charlie Wilson,F,Manchester,England
59,Mia Taylor,M,London,England
60,Oliver Wilson,F,Birmingham,England
61,Alice Thompson,F,Leeds,England
62,Emma Davies,M,Cardiff,Wales
63,Thomas Thomas,F,Bristol,England
64,Chloe Hughes,M,Bristol,England
65,George Roberts,M,Leeds,England
66,Henry Hughes,F,London,England
67,Emma Jones,F,Sheffield,England
68,Lucas White,M,Birmingham,England
69,Lucas Williams,M,Birmingham,England
70,Isla Williams,F,Leeds,England
71,Sophia Martin,M,Leeds,England
72,Isla Williams,F,Cardiff,Wales
73,Jack Evans,M,Edinburgh,Scotland
74,Jack Walker,F,Birmingham,England
75,Charlie Johnson,M,Manchester,England
76,Charlie Clark,M,Sheffield,England
77,Oliver Hughes,F,Leeds,England
78,Harry Lewis,M,Manchester,England
79,Grace Roberts,F,Birmingham,England
80,Mia Roberts,M,Sheffield,England
81,Mia Roberts,M,Manchester,England
82,Jack Taylor,M,Manchester,England
83,Jack Roberts,M,Sheffield,England
84,William Evans,F,Glasgow,Scotland
85,Jack Jones,F,Manchester,England
86,Jack Jones,F,London,England
87,Harry Thomas,F,Birmingham,England
88,Mia Robinson,M,Liverpool,England
89,Sophia Williams,M,Birmingham,England
90,Grace Martin,M,Liverpool,England
91,Chloe Brown,F,London,England
92,Grace Jones,M,Edinburgh,Scotland
93,Amelia Taylor,F,Edinburgh,Scotland
94,Isla Brown,M,Leeds,England
95,Lily Robinson,M,London,England
96,William Robinson,F,Leeds,England
97,Lily Taylor,M,Cardiff,Wales
98,Alice Wilson,F,Leeds,England
99,Grace Roberts,M,Leeds,England
100,James Evans,F,Cardiff,Wales
101,Jack Williams,F,Glasgow,Scotland
102,Lucas Walker,F,Liverpool,England
103,James Taylor,M,Glasgow,Scotland
104,Henry Thomas,M,London,England
105,Isla Robinson,F,Edinburgh,Scotland
106,Chloe Clark,M,Liverpool,England
107,Thomas Martin,F,Leeds,England
108,Emma Robinson,M,London,England
109,Grace Robinson,F,Manchester,England
110,Isla Johnson,F,Manchester,England
111,Lucas Roberts,F,Cardiff,Wales
112,Thomas Roberts,M,Liverpool,England
113,George Robinson,M,Cardiff,Wales
114,Isla Martin,F,Glasgow,Scotland
115,Mia Smith,F,Glasgow,Scotland
116,George Robinson,F,Sheffield,England
117,Charlie Wood,M,Bristol,England
118,Lucas Thompson,M,Birmingham,England
119,Ella White,F,Sheffield,England
120,Oliver Wilson,M,Glasgow,Scotland
121,George Brown,M,London,England
122,Amelia Thompson,M,Sheffield,England
123,Charlie Robinson,M,Sheffield,England
124,Thomas Thompson,M,Cardiff,Wales
125,Harry Smith,F,Manchester,England
126,Amelia Davies,F,Liverpool,England
127,Emma Hughes,M,Leeds,England
128,Charlie Brown,F,Bristol,England
129,Charlie Clark,F,Liverpool,England
130,Mia Wood,F,Birmingham,England
131,Charlie Thomas,F,Leeds,England
132,Lucas Thompson,F,Leeds,England
133,Charlie Williams,M,Glasgow,Scotland
134,Jack Johnson,M,Edinburgh,Scotland
135,Harry Brown,F,Leeds,England
136,Harry Evans,F,Manchester,England
137,Chloe Johnson,F,Liverpool,England
138,Chloe Jones,F,Leeds,England
139,Thomas Martin,F,London,England
140,Alice Smith,F,Edinburgh,Scotland
141,Thomas Robinson,M,Liverpool,England
142,Alice Wilson,F,Glasgow,Scotland
143,Alice Smith,F,Cardiff,Wales
144,Thomas Davies,M,Bristol,England
145,Isla Hughes,F,London,England
146,Henry Martin,M,London,England
147,Chloe Brown,M,Bristol,England
148,Emma Thomas,F,Cardiff,Wales
149,George Wood,F,Edinburgh,Scotland
150,Thomas Thomas,F,Cardiff,Wales
151,Oliver Thompson,M,London,England
152,Grace Wilson,M,Manchester,England
153,James Wilson,M,Leeds,England
154,Isla Brown,M,Leeds,England
155,Alice Taylor,M,Sheffield,England
156,Charlie Thomas,M,Edinburgh,Scotland
157,Isla Clark,M,Manchester,England
158,Ella Taylor,M,Sheffield,England
159,Ella Martin,F,Cardiff,Wales
160,George Williams,M,Sheffield,England
161,Sophia Roberts,M,Sheffield,England
162,Henry Jones,F,Edinburgh,Scotland
163,Grace Williams,F,Liverpool,England
164,James Robinson,M,Bristol,England
165,Chloe Lewis,M,Bristol,England
166,Chloe Davies,F,Liverpool,England
167,Isla Hughes,F,Bristol,England
168,Chloe Martin,F,Glasgow,Scotland
169,Amelia Williams,F,Glasgow,Scotland
170,Amelia Wood,F,Sheffield,England
171,William Smith,F,Bristol,England
172,Lily Thompson,F,Leeds,England
173,Jack Johnson,F,Glasgow,Scotland
174,Mia Smith,M,Liverpool,England
175,Oliver Wilson,F,Cardiff,Wales
176,Mia Wilson,F,Bristol,England
177,Charlie Smith,F,Manchester,England
178,Amelia Walker,F,Leeds,England
179,Henry Lewis,F,Bristol,England
180,Chloe Hughes,F,Edinburgh,Scotland
181,Charlie Thomas,F,Glasgow,Scotland
182,Amelia Taylor,F,Leeds,England
183,Sophia Hughes,M,Birmingham,England
184,George Thompson,F,Glasgow,Scotland
185,Sophia Evans,M,Glasgow,Scotland
186,Grace Davies,M,Glasgow,Scotland
187,Mia Brown,M,Glasgow,Scotland
188,Emma Hughes,M,Glasgow,Scotland
189,Alice Taylor,F,London,England
190,Alice Thompson,F,Bristol,England
191,Lily Jones,F,Glasgow,Scotland
192,Sophia Williams,F,Cardiff,Wales
193,Oliver Martin,M,London,England
194,Harry Martin,M,Glasgow,Scotland
195,Amelia Taylor,F,Liverpool,England
196,Isla Clark,M,Sheffield,England
197,Lucas Walker,F,Bristol,England
198,Ella Martin,F,Cardiff,Wales
199,Henry Clark,M,London,England
200,George Evans,M,Glasgow,Scotland
